<?xml version="1.0" encoding="utf-8"?>
<!--/1838943/1173149/2.50/67/3/Integrated Circuit/-->
<quadcept_library>
  <setting unit="mil" />
  <textstyle name="Default" height="47.244094488189" strokewidth="7.8740157480315" charwidth="47.244094488189" />
  <textstyle name="Dimension" height="19.6850393700787" strokewidth="0" charwidth="19.6850393700787" />
  <textstyle name="H127W0635TH00762" height="50" strokewidth="3" charwidth="25" />
  <textstyle name="H15W15TH02" height="59.0551181102362" strokewidth="7.8740157480315" charwidth="59.0551181102362" />
  <padstyle name="c25" surface="True" plated="False" isvia="False" nopaste="False" nomask="True" complex="False" holesize="0">
    <padshape layer="TOP" shape="round" width="9.8425196850392" height="9.8425196850392" />
    <padshape layer="TOP_SOLDER_MASK" shape="round" width="17.716535433071" height="17.716535433071" />
    <padshape layer="TOP_SOLDER_PASTE" shape="round" width="9.8425196850392" height="9.8425196850392" />
  </padstyle>
  <footprint name="NOIP1SP0480ASTI" originx="0" originy="0" pickpointx="0" pickpointy="0">
    <pcbpin number="1" name="A1" style="c25" originx="-98.425196850392" originy="68.897637795275" rotation="90" />
    <pcbpin number="2" name="A2" style="c25" originx="-78.740157480314" originy="68.897637795275" rotation="90" />
    <pcbpin number="3" name="A3" style="c25" originx="-59.055118110235" originy="68.897637795275" rotation="90" />
    <pcbpin number="4" name="A4" style="c25" originx="-39.370078740157" originy="68.897637795275" rotation="90" />
    <pcbpin number="5" name="A5" style="c25" originx="-19.685039370078" originy="68.897637795275" rotation="90" />
    <pcbpin number="6" name="A6" style="c25" originx="0" originy="68.897637795275" rotation="90" />
    <pcbpin number="7" name="A7" style="c25" originx="19.685039370078" originy="68.897637795275" rotation="90" />
    <pcbpin number="8" name="A8" style="c25" originx="39.370078740157" originy="68.897637795275" rotation="90" />
    <pcbpin number="9" name="A9" style="c25" originx="59.055118110235" originy="68.897637795275" rotation="90" />
    <pcbpin number="10" name="A10" style="c25" originx="78.740157480314" originy="68.897637795275" rotation="90" />
    <pcbpin number="11" name="A11" style="c25" originx="98.425196850392" originy="68.897637795275" rotation="90" />
    <pcbpin number="12" name="B1" style="c25" originx="-98.425196850392" originy="49.212598425196" rotation="90" />
    <pcbpin number="13" name="B2" style="c25" originx="-78.740157480314" originy="49.212598425196" rotation="90" />
    <pcbpin number="14" name="B3" style="c25" originx="-59.055118110235" originy="49.212598425196" rotation="90" />
    <pcbpin number="15" name="B4" style="c25" originx="-39.370078740157" originy="49.212598425196" rotation="90" />
    <pcbpin number="16" name="B5" style="c25" originx="-19.685039370078" originy="49.212598425196" rotation="90" />
    <pcbpin number="17" name="B6" style="c25" originx="0" originy="49.212598425196" rotation="90" />
    <pcbpin number="18" name="B7" style="c25" originx="19.685039370078" originy="49.212598425196" rotation="90" />
    <pcbpin number="19" name="B8" style="c25" originx="39.370078740157" originy="49.212598425196" rotation="90" />
    <pcbpin number="20" name="B9" style="c25" originx="59.055118110235" originy="49.212598425196" rotation="90" />
    <pcbpin number="21" name="B10" style="c25" originx="78.740157480314" originy="49.212598425196" rotation="90" />
    <pcbpin number="22" name="B11" style="c25" originx="98.425196850392" originy="49.212598425196" rotation="90" />
    <pcbpin number="23" name="C1" style="c25" originx="-98.425196850392" originy="29.527559055118" rotation="90" />
    <pcbpin number="24" name="C2" style="c25" originx="-78.740157480314" originy="29.527559055118" rotation="90" />
    <pcbpin number="25" name="C3" style="c25" originx="-59.055118110235" originy="29.527559055118" rotation="90" />
    <pcbpin number="26" name="C4" style="c25" originx="-39.370078740157" originy="29.527559055118" rotation="90" />
    <pcbpin number="27" name="C5" style="c25" originx="-19.685039370078" originy="29.527559055118" rotation="90" />
    <pcbpin number="28" name="C6" style="c25" originx="0" originy="29.527559055118" rotation="90" />
    <pcbpin number="29" name="C7" style="c25" originx="19.685039370078" originy="29.527559055118" rotation="90" />
    <pcbpin number="30" name="C8" style="c25" originx="39.370078740157" originy="29.527559055118" rotation="90" />
    <pcbpin number="31" name="C9" style="c25" originx="59.055118110235" originy="29.527559055118" rotation="90" />
    <pcbpin number="32" name="C10" style="c25" originx="78.740157480314" originy="29.527559055118" rotation="90" />
    <pcbpin number="33" name="C11" style="c25" originx="98.425196850392" originy="29.527559055118" rotation="90" />
    <pcbpin number="34" name="D1" style="c25" originx="-98.425196850392" originy="9.8425196850392" rotation="90" />
    <pcbpin number="35" name="D2" style="c25" originx="-78.740157480314" originy="9.8425196850392" rotation="90" />
    <pcbpin number="36" name="D10" style="c25" originx="78.740157480314" originy="9.8425196850392" rotation="90" />
    <pcbpin number="37" name="D11" style="c25" originx="98.425196850392" originy="9.8425196850392" rotation="90" />
    <pcbpin number="38" name="E1" style="c25" originx="-98.425196850392" originy="-9.8425196850392" rotation="90" />
    <pcbpin number="39" name="E2" style="c25" originx="-78.740157480314" originy="-9.8425196850392" rotation="90" />
    <pcbpin number="40" name="E10" style="c25" originx="78.740157480314" originy="-9.8425196850392" rotation="90" />
    <pcbpin number="41" name="E11" style="c25" originx="98.425196850392" originy="-9.8425196850392" rotation="90" />
    <pcbpin number="42" name="F1" style="c25" originx="-98.425196850392" originy="-29.527559055118" rotation="90" />
    <pcbpin number="43" name="F2" style="c25" originx="-78.740157480314" originy="-29.527559055118" rotation="90" />
    <pcbpin number="44" name="F10" style="c25" originx="78.740157480314" originy="-29.527559055118" rotation="90" />
    <pcbpin number="45" name="F11" style="c25" originx="98.425196850392" originy="-29.527559055118" rotation="90" />
    <pcbpin number="46" name="G1" style="c25" originx="-98.425196850392" originy="-49.212598425196" rotation="90" />
    <pcbpin number="47" name="G2" style="c25" originx="-78.740157480314" originy="-49.212598425196" rotation="90" />
    <pcbpin number="48" name="G3" style="c25" originx="-59.055118110235" originy="-49.212598425196" rotation="90" />
    <pcbpin number="49" name="G4" style="c25" originx="-39.370078740157" originy="-49.212598425196" rotation="90" />
    <pcbpin number="50" name="G5" style="c25" originx="-19.685039370078" originy="-49.212598425196" rotation="90" />
    <pcbpin number="51" name="G6" style="c25" originx="0" originy="-49.212598425196" rotation="90" />
    <pcbpin number="52" name="G7" style="c25" originx="19.685039370078" originy="-49.212598425196" rotation="90" />
    <pcbpin number="53" name="G8" style="c25" originx="39.370078740157" originy="-49.212598425196" rotation="90" />
    <pcbpin number="54" name="G9" style="c25" originx="59.055118110235" originy="-49.212598425196" rotation="90" />
    <pcbpin number="55" name="G10" style="c25" originx="78.740157480314" originy="-49.212598425196" rotation="90" />
    <pcbpin number="56" name="G11" style="c25" originx="98.425196850392" originy="-49.212598425196" rotation="90" />
    <pcbpin number="57" name="H1" style="c25" originx="-98.425196850392" originy="-68.897637795275" rotation="90" />
    <pcbpin number="58" name="H2" style="c25" originx="-78.740157480314" originy="-68.897637795275" rotation="90" />
    <pcbpin number="59" name="H3" style="c25" originx="-59.055118110235" originy="-68.897637795275" rotation="90" />
    <pcbpin number="60" name="H4" style="c25" originx="-39.370078740157" originy="-68.897637795275" rotation="90" />
    <pcbpin number="61" name="H5" style="c25" originx="-19.685039370078" originy="-68.897637795275" rotation="90" />
    <pcbpin number="62" name="H6" style="c25" originx="0" originy="-68.897637795275" rotation="90" />
    <pcbpin number="63" name="H7" style="c25" originx="19.685039370078" originy="-68.897637795275" rotation="90" />
    <pcbpin number="64" name="H8" style="c25" originx="39.370078740157" originy="-68.897637795275" rotation="90" />
    <pcbpin number="65" name="H9" style="c25" originx="59.055118110235" originy="-68.897637795275" rotation="90" />
    <pcbpin number="66" name="H10" style="c25" originx="78.740157480314" originy="-68.897637795275" rotation="90" />
    <pcbpin number="67" name="H11" style="c25" originx="98.425196850392" originy="-68.897637795275" rotation="90" />
    <line layer="TOP_ASSEMBLY" originx="-120.66929133858" originy="97.047244094487" endx="120.66929133858" endy="97.047244094487" width="3.9370078740157" />
    <line layer="TOP_ASSEMBLY" originx="120.66929133858" originy="97.047244094487" endx="120.66929133858" endy="-97.047244094487" width="3.9370078740157" />
    <line layer="TOP_ASSEMBLY" originx="120.66929133858" originy="-97.047244094487" endx="-120.66929133858" endy="-97.047244094487" width="3.9370078740157" />
    <line layer="TOP_ASSEMBLY" originx="-120.66929133858" originy="-97.047244094487" endx="-120.66929133858" endy="97.047244094487" width="3.9370078740157" />
    <line layer="TOP_SILKSCREEN" originx="-120.66929133858" originy="97.047244094487" endx="120.66929133858" endy="97.047244094487" width="7.8740157480314" />
    <line layer="TOP_SILKSCREEN" originx="120.66929133858" originy="97.047244094487" endx="120.66929133858" endy="-97.047244094487" width="7.8740157480314" />
    <line layer="TOP_SILKSCREEN" originx="120.66929133858" originy="-97.047244094487" endx="-120.66929133858" endy="-97.047244094487" width="7.8740157480314" />
    <line layer="TOP_SILKSCREEN" originx="-120.66929133858" originy="-97.047244094487" endx="-120.66929133858" endy="97.047244094487" width="7.8740157480314" />
    <line layer="TOP_PLACE_BOUND" originx="-160.03937007874" originy="136.41732283464" endx="160.03937007874" endy="136.41732283464" width="3.9370078740157" />
    <line layer="TOP_PLACE_BOUND" originx="160.03937007874" originy="136.41732283464" endx="160.03937007874" endy="-136.41732283464" width="3.9370078740157" />
    <line layer="TOP_PLACE_BOUND" originx="160.03937007874" originy="-136.41732283464" endx="-160.03937007874" endy="-136.41732283464" width="3.9370078740157" />
    <line layer="TOP_PLACE_BOUND" originx="-160.03937007874" originy="-136.41732283464" endx="-160.03937007874" endy="136.41732283464" width="3.9370078740157" />
    <line layer="TOP_SILKSCREEN" originx="-141.73228346457" originy="68.897637795275" endx="-141.73228346457" endy="68.897637795275" width="3.9370078740157" />
    <arc layer="TOP_SILKSCREEN" originx="-143.70078740157" originy="68.897637795275" startangle=".0" sweepangle="180.0" radius="1.9685039370079" width="3.9370078740157" />
    <line layer="TOP_SILKSCREEN" originx="-145.66929133858" originy="68.897637795275" endx="-145.66929133858" endy="68.897637795275" width="3.9370078740157" />
    <arc layer="TOP_SILKSCREEN" originx="-143.70078740157" originy="68.897637795275" startangle="180.0" sweepangle="180.0" radius="1.9685039370079" width="3.9370078740157" />
  </footprint>
  <symbol name="NOIP1SP0480A-STI" originx="0" originy="0">
    <line originx="200" originy="100" endx="1800" endy="100" width="0" />
    <line originx="1800" originy="-3400" endx="1800" endy="100" width="0" />
    <line originx="1800" originy="-3400" endx="200" endy="-3400" width="0" />
    <line originx="200" originy="100" endx="200" endy="-3400" width="0" />
    <sympin number="1" originx="200" originy="0" rotation="180" length="100" width="7.8740157480315" flipped="False">
      <text name="pinname" originx="230" originy="0" style="Default" rotation="0" justify="left" flipped="False" hidden="False" data="VDD_PIX_1" />
      <text name="pindes" originx="140" originy="20" style="Default" rotation="0" justify="lowerright" flipped="False" hidden="False" data="A1" />
    </sympin>
    <sympin number="2" originx="200" originy="-100" rotation="180" length="100" width="7.8740157480315" flipped="False">
      <text name="pinname" originx="230" originy="-100" style="Default" rotation="0" justify="left" flipped="False" hidden="False" data="VDD_18_1" />
      <text name="pindes" originx="140" originy="-80" style="Default" rotation="0" justify="lowerright" flipped="False" hidden="False" data="A2" />
    </sympin>
    <sympin number="3" originx="200" originy="-200" rotation="180" length="100" width="7.8740157480315" flipped="False">
      <text name="pinname" originx="230" originy="-200" style="Default" rotation="0" justify="left" flipped="False" hidden="False" data="TR2" />
      <text name="pindes" originx="140" originy="-180" style="Default" rotation="0" justify="lowerright" flipped="False" hidden="False" data="A3" />
    </sympin>
    <sympin number="4" originx="200" originy="-300" rotation="180" length="100" width="7.8740157480315" flipped="False">
      <text name="pinname" originx="230" originy="-300" style="Default" rotation="0" justify="left" flipped="False" hidden="False" data="SS_N" />
      <text name="pindes" originx="140" originy="-280" style="Default" rotation="0" justify="lowerright" flipped="False" hidden="False" data="A4" />
    </sympin>
    <sympin number="5" originx="200" originy="-400" rotation="180" length="100" width="7.8740157480315" flipped="False">
      <text name="pinname" originx="230" originy="-400" style="Default" rotation="0" justify="left" flipped="False" hidden="False" data="FRAME_VALID" />
      <text name="pindes" originx="140" originy="-380" style="Default" rotation="0" justify="lowerright" flipped="False" hidden="False" data="A5" />
    </sympin>
    <sympin number="6" originx="200" originy="-500" rotation="180" length="100" width="7.8740157480315" flipped="False">
      <text name="pinname" originx="230" originy="-500" style="Default" rotation="0" justify="left" flipped="False" hidden="False" data="VSS_COLPC_1" />
      <text name="pindes" originx="140" originy="-480" style="Default" rotation="0" justify="lowerright" flipped="False" hidden="False" data="A6" />
    </sympin>
    <sympin number="7" originx="200" originy="-600" rotation="180" length="100" width="7.8740157480315" flipped="False">
      <text name="pinname" originx="230" originy="-600" style="Default" rotation="0" justify="left" flipped="False" hidden="False" data="DOUT7" />
      <text name="pindes" originx="140" originy="-580" style="Default" rotation="0" justify="lowerright" flipped="False" hidden="False" data="A7" />
    </sympin>
    <sympin number="8" originx="200" originy="-700" rotation="180" length="100" width="7.8740157480315" flipped="False">
      <text name="pinname" originx="230" originy="-700" style="Default" rotation="0" justify="left" flipped="False" hidden="False" data="CLK_OUT" />
      <text name="pindes" originx="140" originy="-680" style="Default" rotation="0" justify="lowerright" flipped="False" hidden="False" data="A8" />
    </sympin>
    <sympin number="9" originx="200" originy="-800" rotation="180" length="100" width="7.8740157480315" flipped="False">
      <text name="pinname" originx="230" originy="-800" style="Default" rotation="0" justify="left" flipped="False" hidden="False" data="DOUT2" />
      <text name="pindes" originx="140" originy="-780" style="Default" rotation="0" justify="lowerright" flipped="False" hidden="False" data="A9" />
    </sympin>
    <sympin number="10" originx="200" originy="-900" rotation="180" length="100" width="7.8740157480315" flipped="False">
      <text name="pinname" originx="230" originy="-900" style="Default" rotation="0" justify="left" flipped="False" hidden="False" data="VDD_18_2" />
      <text name="pindes" originx="140" originy="-880" style="Default" rotation="0" justify="lowerright" flipped="False" hidden="False" data="A10" />
    </sympin>
    <sympin number="11" originx="200" originy="-1000" rotation="180" length="100" width="7.8740157480315" flipped="False">
      <text name="pinname" originx="230" originy="-1000" style="Default" rotation="0" justify="left" flipped="False" hidden="False" data="VSS_COLPC_2" />
      <text name="pindes" originx="140" originy="-980" style="Default" rotation="0" justify="lowerright" flipped="False" hidden="False" data="A11" />
    </sympin>
    <sympin number="12" originx="200" originy="-1100" rotation="180" length="100" width="7.8740157480315" flipped="False">
      <text name="pinname" originx="230" originy="-1100" style="Default" rotation="0" justify="left" flipped="False" hidden="False" data="VDD_33_1" />
      <text name="pindes" originx="140" originy="-1080" style="Default" rotation="0" justify="lowerright" flipped="False" hidden="False" data="B1" />
    </sympin>
    <sympin number="13" originx="200" originy="-1200" rotation="180" length="100" width="7.8740157480315" flipped="False">
      <text name="pinname" originx="230" originy="-1200" style="Default" rotation="0" justify="left" flipped="False" hidden="False" data="VSS_COLPC_3" />
      <text name="pindes" originx="140" originy="-1180" style="Default" rotation="0" justify="lowerright" flipped="False" hidden="False" data="B2" />
    </sympin>
    <sympin number="14" originx="200" originy="-1300" rotation="180" length="100" width="7.8740157480315" flipped="False">
      <text name="pinname" originx="230" originy="-1300" style="Default" rotation="0" justify="left" flipped="False" hidden="False" data="TR1" />
      <text name="pindes" originx="140" originy="-1280" style="Default" rotation="0" justify="lowerright" flipped="False" hidden="False" data="B3" />
    </sympin>
    <sympin number="15" originx="200" originy="-1400" rotation="180" length="100" width="7.8740157480315" flipped="False">
      <text name="pinname" originx="230" originy="-1400" style="Default" rotation="0" justify="left" flipped="False" hidden="False" data="SCK" />
      <text name="pindes" originx="140" originy="-1380" style="Default" rotation="0" justify="lowerright" flipped="False" hidden="False" data="B4" />
    </sympin>
    <sympin number="16" originx="200" originy="-1500" rotation="180" length="100" width="7.8740157480315" flipped="False">
      <text name="pinname" originx="230" originy="-1500" style="Default" rotation="0" justify="left" flipped="False" hidden="False" data="LINE_VALID" />
      <text name="pindes" originx="140" originy="-1480" style="Default" rotation="0" justify="lowerright" flipped="False" hidden="False" data="B5" />
    </sympin>
    <sympin number="17" originx="200" originy="-1600" rotation="180" length="100" width="7.8740157480315" flipped="False">
      <text name="pinname" originx="230" originy="-1600" style="Default" rotation="0" justify="left" flipped="False" hidden="False" data="VDD_PIX_2" />
      <text name="pindes" originx="140" originy="-1580" style="Default" rotation="0" justify="lowerright" flipped="False" hidden="False" data="B6" />
    </sympin>
    <sympin number="18" originx="200" originy="-1700" rotation="180" length="100" width="7.8740157480315" flipped="False">
      <text name="pinname" originx="230" originy="-1700" style="Default" rotation="0" justify="left" flipped="False" hidden="False" data="DOUT6" />
      <text name="pindes" originx="140" originy="-1680" style="Default" rotation="0" justify="lowerright" flipped="False" hidden="False" data="B7" />
    </sympin>
    <sympin number="19" originx="200" originy="-1800" rotation="180" length="100" width="7.8740157480315" flipped="False">
      <text name="pinname" originx="230" originy="-1800" style="Default" rotation="0" justify="left" flipped="False" hidden="False" data="DOUT4" />
      <text name="pindes" originx="140" originy="-1780" style="Default" rotation="0" justify="lowerright" flipped="False" hidden="False" data="B8" />
    </sympin>
    <sympin number="20" originx="200" originy="-1900" rotation="180" length="100" width="7.8740157480315" flipped="False">
      <text name="pinname" originx="230" originy="-1900" style="Default" rotation="0" justify="left" flipped="False" hidden="False" data="DOUT0" />
      <text name="pindes" originx="140" originy="-1880" style="Default" rotation="0" justify="lowerright" flipped="False" hidden="False" data="B9" />
    </sympin>
    <sympin number="21" originx="200" originy="-2000" rotation="180" length="100" width="7.8740157480315" flipped="False">
      <text name="pinname" originx="230" originy="-2000" style="Default" rotation="0" justify="left" flipped="False" hidden="False" data="VDD_PIX_3" />
      <text name="pindes" originx="140" originy="-1980" style="Default" rotation="0" justify="lowerright" flipped="False" hidden="False" data="B10" />
    </sympin>
    <sympin number="22" originx="200" originy="-2100" rotation="180" length="100" width="7.8740157480315" flipped="False">
      <text name="pinname" originx="230" originy="-2100" style="Default" rotation="0" justify="left" flipped="False" hidden="False" data="CLOCK_OUTP" />
      <text name="pindes" originx="140" originy="-2080" style="Default" rotation="0" justify="lowerright" flipped="False" hidden="False" data="B11" />
    </sympin>
    <sympin number="23" originx="200" originy="-2200" rotation="180" length="100" width="7.8740157480315" flipped="False">
      <text name="pinname" originx="230" originy="-2200" style="Default" rotation="0" justify="left" flipped="False" hidden="False" data="MONITOR0" />
      <text name="pindes" originx="140" originy="-2180" style="Default" rotation="0" justify="lowerright" flipped="False" hidden="False" data="C1" />
    </sympin>
    <sympin number="24" originx="200" originy="-2300" rotation="180" length="100" width="7.8740157480315" flipped="False">
      <text name="pinname" originx="230" originy="-2300" style="Default" rotation="0" justify="left" flipped="False" hidden="False" data="SCAN_EN" />
      <text name="pindes" originx="140" originy="-2280" style="Default" rotation="0" justify="lowerright" flipped="False" hidden="False" data="C2" />
    </sympin>
    <sympin number="25" originx="200" originy="-2400" rotation="180" length="100" width="7.8740157480315" flipped="False">
      <text name="pinname" originx="230" originy="-2400" style="Default" rotation="0" justify="left" flipped="False" hidden="False" data="TRIGGER0" />
      <text name="pindes" originx="140" originy="-2380" style="Default" rotation="0" justify="lowerright" flipped="False" hidden="False" data="C3" />
    </sympin>
    <sympin number="26" originx="200" originy="-2500" rotation="180" length="100" width="7.8740157480315" flipped="False">
      <text name="pinname" originx="230" originy="-2500" style="Default" rotation="0" justify="left" flipped="False" hidden="False" data="RESET_N" />
      <text name="pindes" originx="140" originy="-2480" style="Default" rotation="0" justify="lowerright" flipped="False" hidden="False" data="C4" />
    </sympin>
    <sympin number="27" originx="200" originy="-2600" rotation="180" length="100" width="7.8740157480315" flipped="False">
      <text name="pinname" originx="230" originy="-2600" style="Default" rotation="0" justify="left" flipped="False" hidden="False" data="DOUT9" />
      <text name="pindes" originx="140" originy="-2580" style="Default" rotation="0" justify="lowerright" flipped="False" hidden="False" data="C5" />
    </sympin>
    <sympin number="28" originx="200" originy="-2700" rotation="180" length="100" width="7.8740157480315" flipped="False">
      <text name="pinname" originx="230" originy="-2700" style="Default" rotation="0" justify="left" flipped="False" hidden="False" data="DOUT8" />
      <text name="pindes" originx="140" originy="-2680" style="Default" rotation="0" justify="lowerright" flipped="False" hidden="False" data="C6" />
    </sympin>
    <sympin number="29" originx="200" originy="-2800" rotation="180" length="100" width="7.8740157480315" flipped="False">
      <text name="pinname" originx="230" originy="-2800" style="Default" rotation="0" justify="left" flipped="False" hidden="False" data="DOUT5" />
      <text name="pindes" originx="140" originy="-2780" style="Default" rotation="0" justify="lowerright" flipped="False" hidden="False" data="C7" />
    </sympin>
    <sympin number="30" originx="200" originy="-2900" rotation="180" length="100" width="7.8740157480315" flipped="False">
      <text name="pinname" originx="230" originy="-2900" style="Default" rotation="0" justify="left" flipped="False" hidden="False" data="DOUT3" />
      <text name="pindes" originx="140" originy="-2880" style="Default" rotation="0" justify="lowerright" flipped="False" hidden="False" data="C8" />
    </sympin>
    <sympin number="31" originx="200" originy="-3000" rotation="180" length="100" width="7.8740157480315" flipped="False">
      <text name="pinname" originx="230" originy="-3000" style="Default" rotation="0" justify="left" flipped="False" hidden="False" data="DOUT1" />
      <text name="pindes" originx="140" originy="-2980" style="Default" rotation="0" justify="lowerright" flipped="False" hidden="False" data="C9" />
    </sympin>
    <sympin number="32" originx="200" originy="-3100" rotation="180" length="100" width="7.8740157480315" flipped="False">
      <text name="pinname" originx="230" originy="-3100" style="Default" rotation="0" justify="left" flipped="False" hidden="False" data="CLOCK_OUTN" />
      <text name="pindes" originx="140" originy="-3080" style="Default" rotation="0" justify="lowerright" flipped="False" hidden="False" data="C10" />
    </sympin>
    <sympin number="33" originx="200" originy="-3200" rotation="180" length="100" width="7.8740157480315" flipped="False">
      <text name="pinname" originx="230" originy="-3200" style="Default" rotation="0" justify="left" flipped="False" hidden="False" data="DOUTP" />
      <text name="pindes" originx="140" originy="-3180" style="Default" rotation="0" justify="lowerright" flipped="False" hidden="False" data="C11" />
    </sympin>
    <sympin number="34" originx="200" originy="-3300" rotation="180" length="100" width="7.8740157480315" flipped="False">
      <text name="pinname" originx="230" originy="-3300" style="Default" rotation="0" justify="left" flipped="False" hidden="False" data="MONITOR1" />
      <text name="pindes" originx="140" originy="-3280" style="Default" rotation="0" justify="lowerright" flipped="False" hidden="False" data="D1" />
    </sympin>
    <sympin number="35" originx="1800" originy="0" rotation="0" length="100" width="7.8740157480315" flipped="False">
      <text name="pinname" originx="1770" originy="0" style="Default" rotation="0" justify="right" flipped="False" hidden="False" data="VSS_18_1" />
      <text name="pindes" originx="1860" originy="20" style="Default" rotation="0" justify="lowerleft" flipped="False" hidden="False" data="D2" />
    </sympin>
    <sympin number="36" originx="1800" originy="-100" rotation="0" length="100" width="7.8740157480315" flipped="False">
      <text name="pinname" originx="1770" originy="-100" style="Default" rotation="0" justify="right" flipped="False" hidden="False" data="DOUTN" />
      <text name="pindes" originx="1860" originy="-80" style="Default" rotation="0" justify="lowerleft" flipped="False" hidden="False" data="D10" />
    </sympin>
    <sympin number="37" originx="1800" originy="-200" rotation="0" length="100" width="7.8740157480315" flipped="False">
      <text name="pinname" originx="1770" originy="-200" style="Default" rotation="0" justify="right" flipped="False" hidden="False" data="SYNCP" />
      <text name="pindes" originx="1860" originy="-180" style="Default" rotation="0" justify="lowerleft" flipped="False" hidden="False" data="D11" />
    </sympin>
    <sympin number="38" originx="1800" originy="-300" rotation="0" length="100" width="7.8740157480315" flipped="False">
      <text name="pinname" originx="1770" originy="-300" style="Default" rotation="0" justify="right" flipped="False" hidden="False" data="IBIAS_MASTER" />
      <text name="pindes" originx="1860" originy="-280" style="Default" rotation="0" justify="lowerleft" flipped="False" hidden="False" data="E1" />
    </sympin>
    <sympin number="39" originx="1800" originy="-400" rotation="0" length="100" width="7.8740157480315" flipped="False">
      <text name="pinname" originx="1770" originy="-400" style="Default" rotation="0" justify="right" flipped="False" hidden="False" data="VSS_33_1" />
      <text name="pindes" originx="1860" originy="-380" style="Default" rotation="0" justify="lowerleft" flipped="False" hidden="False" data="E2" />
    </sympin>
    <sympin number="40" originx="1800" originy="-500" rotation="0" length="100" width="7.8740157480315" flipped="False">
      <text name="pinname" originx="1770" originy="-500" style="Default" rotation="0" justify="right" flipped="False" hidden="False" data="SYNCN" />
      <text name="pindes" originx="1860" originy="-480" style="Default" rotation="0" justify="lowerleft" flipped="False" hidden="False" data="E10" />
    </sympin>
    <sympin number="41" originx="1800" originy="-600" rotation="0" length="100" width="7.8740157480315" flipped="False">
      <text name="pinname" originx="1770" originy="-600" style="Default" rotation="0" justify="right" flipped="False" hidden="False" data="LVDS_CLOCK_INP" />
      <text name="pindes" originx="1860" originy="-580" style="Default" rotation="0" justify="lowerleft" flipped="False" hidden="False" data="E11" />
    </sympin>
    <sympin number="42" originx="1800" originy="-700" rotation="0" length="100" width="7.8740157480315" flipped="False">
      <text name="pinname" originx="1770" originy="-700" style="Default" rotation="0" justify="right" flipped="False" hidden="False" data="CP_RESPD" />
      <text name="pindes" originx="1860" originy="-680" style="Default" rotation="0" justify="lowerleft" flipped="False" hidden="False" data="F1" />
    </sympin>
    <sympin number="43" originx="1800" originy="-800" rotation="0" length="100" width="7.8740157480315" flipped="False">
      <text name="pinname" originx="1770" originy="-800" style="Default" rotation="0" justify="right" flipped="False" hidden="False" data="MONITOR2" />
      <text name="pindes" originx="1860" originy="-780" style="Default" rotation="0" justify="lowerleft" flipped="False" hidden="False" data="F2" />
    </sympin>
    <sympin number="44" originx="1800" originy="-900" rotation="0" length="100" width="7.8740157480315" flipped="False">
      <text name="pinname" originx="1770" originy="-900" style="Default" rotation="0" justify="right" flipped="False" hidden="False" data="LVDS_CLOCK_INN" />
      <text name="pindes" originx="1860" originy="-880" style="Default" rotation="0" justify="lowerleft" flipped="False" hidden="False" data="F10" />
    </sympin>
    <sympin number="45" originx="1800" originy="-1000" rotation="0" length="100" width="7.8740157480315" flipped="False">
      <text name="pinname" originx="1770" originy="-1000" style="Default" rotation="0" justify="right" flipped="False" hidden="False" data="VDD_33_2" />
      <text name="pindes" originx="1860" originy="-980" style="Default" rotation="0" justify="lowerleft" flipped="False" hidden="False" data="F11" />
    </sympin>
    <sympin number="46" originx="1800" originy="-1100" rotation="0" length="100" width="7.8740157480315" flipped="False">
      <text name="pinname" originx="1770" originy="-1100" style="Default" rotation="0" justify="right" flipped="False" hidden="False" data="CP_CALIB" />
      <text name="pindes" originx="1860" originy="-1080" style="Default" rotation="0" justify="lowerleft" flipped="False" hidden="False" data="G1" />
    </sympin>
    <sympin number="47" originx="1800" originy="-1200" rotation="0" length="100" width="7.8740157480315" flipped="False">
      <text name="pinname" originx="1770" originy="-1200" style="Default" rotation="0" justify="right" flipped="False" hidden="False" data="VSS_33_2" />
      <text name="pindes" originx="1860" originy="-1180" style="Default" rotation="0" justify="lowerleft" flipped="False" hidden="False" data="G2" />
    </sympin>
    <sympin number="48" originx="1800" originy="-1300" rotation="0" length="100" width="7.8740157480315" flipped="False">
      <text name="pinname" originx="1770" originy="-1300" style="Default" rotation="0" justify="right" flipped="False" hidden="False" data="VDD_33_3" />
      <text name="pindes" originx="1860" originy="-1280" style="Default" rotation="0" justify="lowerleft" flipped="False" hidden="False" data="G3" />
    </sympin>
    <sympin number="49" originx="1800" originy="-1400" rotation="0" length="100" width="7.8740157480315" flipped="False">
      <text name="pinname" originx="1770" originy="-1400" style="Default" rotation="0" justify="right" flipped="False" hidden="False" data="MISO" />
      <text name="pindes" originx="1860" originy="-1380" style="Default" rotation="0" justify="lowerleft" flipped="False" hidden="False" data="G4" />
    </sympin>
    <sympin number="50" originx="1800" originy="-1500" rotation="0" length="100" width="7.8740157480315" flipped="False">
      <text name="pinname" originx="1770" originy="-1500" style="Default" rotation="0" justify="right" flipped="False" hidden="False" data="MOSI" />
      <text name="pindes" originx="1860" originy="-1480" style="Default" rotation="0" justify="lowerleft" flipped="False" hidden="False" data="G5" />
    </sympin>
    <sympin number="51" originx="1800" originy="-1600" rotation="0" length="100" width="7.8740157480315" flipped="False">
      <text name="pinname" originx="1770" originy="-1600" style="Default" rotation="0" justify="right" flipped="False" hidden="False" data="VSS_18_2" />
      <text name="pindes" originx="1860" originy="-1580" style="Default" rotation="0" justify="lowerleft" flipped="False" hidden="False" data="G6" />
    </sympin>
    <sympin number="52" originx="1800" originy="-1700" rotation="0" length="100" width="7.8740157480315" flipped="False">
      <text name="pinname" originx="1770" originy="-1700" style="Default" rotation="0" justify="right" flipped="False" hidden="False" data="VSS_18_3" />
      <text name="pindes" originx="1860" originy="-1680" style="Default" rotation="0" justify="lowerleft" flipped="False" hidden="False" data="G7" />
    </sympin>
    <sympin number="53" originx="1800" originy="-1800" rotation="0" length="100" width="7.8740157480315" flipped="False">
      <text name="pinname" originx="1770" originy="-1800" style="Default" rotation="0" justify="right" flipped="False" hidden="False" data="VSS_18_4" />
      <text name="pindes" originx="1860" originy="-1780" style="Default" rotation="0" justify="lowerleft" flipped="False" hidden="False" data="G8" />
    </sympin>
    <sympin number="54" originx="1800" originy="-1900" rotation="0" length="100" width="7.8740157480315" flipped="False">
      <text name="pinname" originx="1770" originy="-1900" style="Default" rotation="0" justify="right" flipped="False" hidden="False" data="CLK_PLL" />
      <text name="pindes" originx="1860" originy="-1880" style="Default" rotation="0" justify="lowerleft" flipped="False" hidden="False" data="G9" />
    </sympin>
    <sympin number="55" originx="1800" originy="-2000" rotation="0" length="100" width="7.8740157480315" flipped="False">
      <text name="pinname" originx="1770" originy="-2000" style="Default" rotation="0" justify="right" flipped="False" hidden="False" data="LOCK_DETECT" />
      <text name="pindes" originx="1860" originy="-1980" style="Default" rotation="0" justify="lowerleft" flipped="False" hidden="False" data="G10" />
    </sympin>
    <sympin number="56" originx="1800" originy="-2100" rotation="0" length="100" width="7.8740157480315" flipped="False">
      <text name="pinname" originx="1770" originy="-2100" style="Default" rotation="0" justify="right" flipped="False" hidden="False" data="VSS_18_5" />
      <text name="pindes" originx="1860" originy="-2080" style="Default" rotation="0" justify="lowerleft" flipped="False" hidden="False" data="G11" />
    </sympin>
    <sympin number="57" originx="1800" originy="-2200" rotation="0" length="100" width="7.8740157480315" flipped="False">
      <text name="pinname" originx="1770" originy="-2200" style="Default" rotation="0" justify="right" flipped="False" hidden="False" data="MBSINOUT_1_1" />
      <text name="pindes" originx="1860" originy="-2180" style="Default" rotation="0" justify="lowerleft" flipped="False" hidden="False" data="H1" />
    </sympin>
    <sympin number="58" originx="1800" originy="-2300" rotation="0" length="100" width="7.8740157480315" flipped="False">
      <text name="pinname" originx="1770" originy="-2300" style="Default" rotation="0" justify="right" flipped="False" hidden="False" data="MBSINOUT_1_2" />
      <text name="pindes" originx="1860" originy="-2280" style="Default" rotation="0" justify="lowerleft" flipped="False" hidden="False" data="H2" />
    </sympin>
    <sympin number="59" originx="1800" originy="-2400" rotation="0" length="100" width="7.8740157480315" flipped="False">
      <text name="pinname" originx="1770" originy="-2400" style="Default" rotation="0" justify="right" flipped="False" hidden="False" data="MBSINOUT_2" />
      <text name="pindes" originx="1860" originy="-2380" style="Default" rotation="0" justify="lowerleft" flipped="False" hidden="False" data="H3" />
    </sympin>
    <sympin number="60" originx="1800" originy="-2500" rotation="0" length="100" width="7.8740157480315" flipped="False">
      <text name="pinname" originx="1770" originy="-2500" style="Default" rotation="0" justify="right" flipped="False" hidden="False" data="CP_SEL_SAMPLE" />
      <text name="pindes" originx="1860" originy="-2480" style="Default" rotation="0" justify="lowerleft" flipped="False" hidden="False" data="H4" />
    </sympin>
    <sympin number="61" originx="1800" originy="-2600" rotation="0" length="100" width="7.8740157480315" flipped="False">
      <text name="pinname" originx="1770" originy="-2600" style="Default" rotation="0" justify="right" flipped="False" hidden="False" data="TEST_ENABLE" />
      <text name="pindes" originx="1860" originy="-2580" style="Default" rotation="0" justify="lowerleft" flipped="False" hidden="False" data="H5" />
    </sympin>
    <sympin number="62" originx="1800" originy="-2700" rotation="0" length="100" width="7.8740157480315" flipped="False">
      <text name="pinname" originx="1770" originy="-2700" style="Default" rotation="0" justify="right" flipped="False" hidden="False" data="VREF_BOTPLATE" />
      <text name="pindes" originx="1860" originy="-2680" style="Default" rotation="0" justify="lowerleft" flipped="False" hidden="False" data="H6" />
    </sympin>
    <sympin number="63" originx="1800" originy="-2800" rotation="0" length="100" width="7.8740157480315" flipped="False">
      <text name="pinname" originx="1770" originy="-2800" style="Default" rotation="0" justify="right" flipped="False" hidden="False" data="VSS_33_3" />
      <text name="pindes" originx="1860" originy="-2780" style="Default" rotation="0" justify="lowerleft" flipped="False" hidden="False" data="H7" />
    </sympin>
    <sympin number="64" originx="1800" originy="-2900" rotation="0" length="100" width="7.8740157480315" flipped="False">
      <text name="pinname" originx="1770" originy="-2900" style="Default" rotation="0" justify="right" flipped="False" hidden="False" data="VSS_33_4" />
      <text name="pindes" originx="1860" originy="-2880" style="Default" rotation="0" justify="lowerleft" flipped="False" hidden="False" data="H8" />
    </sympin>
    <sympin number="65" originx="1800" originy="-3000" rotation="0" length="100" width="7.8740157480315" flipped="False">
      <text name="pinname" originx="1770" originy="-3000" style="Default" rotation="0" justify="right" flipped="False" hidden="False" data="VDD_18_3" />
      <text name="pindes" originx="1860" originy="-2980" style="Default" rotation="0" justify="lowerleft" flipped="False" hidden="False" data="H9" />
    </sympin>
    <sympin number="66" originx="1800" originy="-3100" rotation="0" length="100" width="7.8740157480315" flipped="False">
      <text name="pinname" originx="1770" originy="-3100" style="Default" rotation="0" justify="right" flipped="False" hidden="False" data="VDD_33_4" />
      <text name="pindes" originx="1860" originy="-3080" style="Default" rotation="0" justify="lowerleft" flipped="False" hidden="False" data="H10" />
    </sympin>
    <sympin number="67" originx="1800" originy="-3200" rotation="0" length="100" width="7.8740157480315" flipped="False">
      <text name="pinname" originx="1770" originy="-3200" style="Default" rotation="0" justify="right" flipped="False" hidden="False" data="VDD_33_5" />
      <text name="pindes" originx="1860" originy="-3180" style="Default" rotation="0" justify="lowerleft" flipped="False" hidden="False" data="H11" />
    </sympin>
  </symbol>
  <component name="NOIP1SP0480A-STI" designatorprefix="IC" height="29.527559055118" footprint="NOIP1SP0480ASTI">
    <comppin designator="A1" sympin="1" pinswap="0" gateswap="0" gate="1" group="1" side="" type="Any" name="VDD_PIX_1" />
    <comppin designator="A2" sympin="2" pinswap="0" gateswap="0" gate="1" group="1" side="" type="Any" name="VDD_18_1" />
    <comppin designator="A3" sympin="3" pinswap="0" gateswap="0" gate="1" group="1" side="" type="Any" name="TR2" />
    <comppin designator="A4" sympin="4" pinswap="0" gateswap="0" gate="1" group="1" side="" type="Any" name="SS_N" />
    <comppin designator="A5" sympin="5" pinswap="0" gateswap="0" gate="1" group="1" side="" type="Any" name="FRAME_VALID" />
    <comppin designator="A6" sympin="6" pinswap="0" gateswap="0" gate="1" group="1" side="" type="Any" name="VSS_COLPC_1" />
    <comppin designator="A7" sympin="7" pinswap="0" gateswap="0" gate="1" group="1" side="" type="Any" name="DOUT7" />
    <comppin designator="A8" sympin="8" pinswap="0" gateswap="0" gate="1" group="1" side="" type="Any" name="CLK_OUT" />
    <comppin designator="A9" sympin="9" pinswap="0" gateswap="0" gate="1" group="1" side="" type="Any" name="DOUT2" />
    <comppin designator="A10" sympin="10" pinswap="0" gateswap="0" gate="1" group="1" side="" type="Any" name="VDD_18_2" />
    <comppin designator="A11" sympin="11" pinswap="0" gateswap="0" gate="1" group="1" side="" type="Any" name="VSS_COLPC_2" />
    <comppin designator="B1" sympin="12" pinswap="0" gateswap="0" gate="1" group="1" side="" type="Any" name="VDD_33_1" />
    <comppin designator="B2" sympin="13" pinswap="0" gateswap="0" gate="1" group="1" side="" type="Any" name="VSS_COLPC_3" />
    <comppin designator="B3" sympin="14" pinswap="0" gateswap="0" gate="1" group="1" side="" type="Any" name="TR1" />
    <comppin designator="B4" sympin="15" pinswap="0" gateswap="0" gate="1" group="1" side="" type="Any" name="SCK" />
    <comppin designator="B5" sympin="16" pinswap="0" gateswap="0" gate="1" group="1" side="" type="Any" name="LINE_VALID" />
    <comppin designator="B6" sympin="17" pinswap="0" gateswap="0" gate="1" group="1" side="" type="Any" name="VDD_PIX_2" />
    <comppin designator="B7" sympin="18" pinswap="0" gateswap="0" gate="1" group="1" side="" type="Any" name="DOUT6" />
    <comppin designator="B8" sympin="19" pinswap="0" gateswap="0" gate="1" group="1" side="" type="Any" name="DOUT4" />
    <comppin designator="B9" sympin="20" pinswap="0" gateswap="0" gate="1" group="1" side="" type="Any" name="DOUT0" />
    <comppin designator="B10" sympin="21" pinswap="0" gateswap="0" gate="1" group="1" side="" type="Any" name="VDD_PIX_3" />
    <comppin designator="B11" sympin="22" pinswap="0" gateswap="0" gate="1" group="1" side="" type="Any" name="CLOCK_OUTP" />
    <comppin designator="C1" sympin="23" pinswap="0" gateswap="0" gate="1" group="1" side="" type="Any" name="MONITOR0" />
    <comppin designator="C2" sympin="24" pinswap="0" gateswap="0" gate="1" group="1" side="" type="Any" name="SCAN_EN" />
    <comppin designator="C3" sympin="25" pinswap="0" gateswap="0" gate="1" group="1" side="" type="Any" name="TRIGGER0" />
    <comppin designator="C4" sympin="26" pinswap="0" gateswap="0" gate="1" group="1" side="" type="Any" name="RESET_N" />
    <comppin designator="C5" sympin="27" pinswap="0" gateswap="0" gate="1" group="1" side="" type="Any" name="DOUT9" />
    <comppin designator="C6" sympin="28" pinswap="0" gateswap="0" gate="1" group="1" side="" type="Any" name="DOUT8" />
    <comppin designator="C7" sympin="29" pinswap="0" gateswap="0" gate="1" group="1" side="" type="Any" name="DOUT5" />
    <comppin designator="C8" sympin="30" pinswap="0" gateswap="0" gate="1" group="1" side="" type="Any" name="DOUT3" />
    <comppin designator="C9" sympin="31" pinswap="0" gateswap="0" gate="1" group="1" side="" type="Any" name="DOUT1" />
    <comppin designator="C10" sympin="32" pinswap="0" gateswap="0" gate="1" group="1" side="" type="Any" name="CLOCK_OUTN" />
    <comppin designator="C11" sympin="33" pinswap="0" gateswap="0" gate="1" group="1" side="" type="Any" name="DOUTP" />
    <comppin designator="D1" sympin="34" pinswap="0" gateswap="0" gate="1" group="1" side="" type="Any" name="MONITOR1" />
    <comppin designator="D2" sympin="35" pinswap="0" gateswap="0" gate="1" group="1" side="" type="Any" name="VSS_18_1" />
    <comppin designator="D10" sympin="36" pinswap="0" gateswap="0" gate="1" group="1" side="" type="Any" name="DOUTN" />
    <comppin designator="D11" sympin="37" pinswap="0" gateswap="0" gate="1" group="1" side="" type="Any" name="SYNCP" />
    <comppin designator="E1" sympin="38" pinswap="0" gateswap="0" gate="1" group="1" side="" type="Any" name="IBIAS_MASTER" />
    <comppin designator="E2" sympin="39" pinswap="0" gateswap="0" gate="1" group="1" side="" type="Any" name="VSS_33_1" />
    <comppin designator="E10" sympin="40" pinswap="0" gateswap="0" gate="1" group="1" side="" type="Any" name="SYNCN" />
    <comppin designator="E11" sympin="41" pinswap="0" gateswap="0" gate="1" group="1" side="" type="Any" name="LVDS_CLOCK_INP" />
    <comppin designator="F1" sympin="42" pinswap="0" gateswap="0" gate="1" group="1" side="" type="Any" name="CP_RESPD" />
    <comppin designator="F2" sympin="43" pinswap="0" gateswap="0" gate="1" group="1" side="" type="Any" name="MONITOR2" />
    <comppin designator="F10" sympin="44" pinswap="0" gateswap="0" gate="1" group="1" side="" type="Any" name="LVDS_CLOCK_INN" />
    <comppin designator="F11" sympin="45" pinswap="0" gateswap="0" gate="1" group="1" side="" type="Any" name="VDD_33_2" />
    <comppin designator="G1" sympin="46" pinswap="0" gateswap="0" gate="1" group="1" side="" type="Any" name="CP_CALIB" />
    <comppin designator="G2" sympin="47" pinswap="0" gateswap="0" gate="1" group="1" side="" type="Any" name="VSS_33_2" />
    <comppin designator="G3" sympin="48" pinswap="0" gateswap="0" gate="1" group="1" side="" type="Any" name="VDD_33_3" />
    <comppin designator="G4" sympin="49" pinswap="0" gateswap="0" gate="1" group="1" side="" type="Any" name="MISO" />
    <comppin designator="G5" sympin="50" pinswap="0" gateswap="0" gate="1" group="1" side="" type="Any" name="MOSI" />
    <comppin designator="G6" sympin="51" pinswap="0" gateswap="0" gate="1" group="1" side="" type="Any" name="VSS_18_2" />
    <comppin designator="G7" sympin="52" pinswap="0" gateswap="0" gate="1" group="1" side="" type="Any" name="VSS_18_3" />
    <comppin designator="G8" sympin="53" pinswap="0" gateswap="0" gate="1" group="1" side="" type="Any" name="VSS_18_4" />
    <comppin designator="G9" sympin="54" pinswap="0" gateswap="0" gate="1" group="1" side="" type="Any" name="CLK_PLL" />
    <comppin designator="G10" sympin="55" pinswap="0" gateswap="0" gate="1" group="1" side="" type="Any" name="LOCK_DETECT" />
    <comppin designator="G11" sympin="56" pinswap="0" gateswap="0" gate="1" group="1" side="" type="Any" name="VSS_18_5" />
    <comppin designator="H1" sympin="57" pinswap="0" gateswap="0" gate="1" group="1" side="" type="Any" name="MBSINOUT_1_1" />
    <comppin designator="H2" sympin="58" pinswap="0" gateswap="0" gate="1" group="1" side="" type="Any" name="MBSINOUT_1_2" />
    <comppin designator="H3" sympin="59" pinswap="0" gateswap="0" gate="1" group="1" side="" type="Any" name="MBSINOUT_2" />
    <comppin designator="H4" sympin="60" pinswap="0" gateswap="0" gate="1" group="1" side="" type="Any" name="CP_SEL_SAMPLE" />
    <comppin designator="H5" sympin="61" pinswap="0" gateswap="0" gate="1" group="1" side="" type="Any" name="TEST_ENABLE" />
    <comppin designator="H6" sympin="62" pinswap="0" gateswap="0" gate="1" group="1" side="" type="Any" name="VREF_BOTPLATE" />
    <comppin designator="H7" sympin="63" pinswap="0" gateswap="0" gate="1" group="1" side="" type="Any" name="VSS_33_3" />
    <comppin designator="H8" sympin="64" pinswap="0" gateswap="0" gate="1" group="1" side="" type="Any" name="VSS_33_4" />
    <comppin designator="H9" sympin="65" pinswap="0" gateswap="0" gate="1" group="1" side="" type="Any" name="VDD_18_3" />
    <comppin designator="H10" sympin="66" pinswap="0" gateswap="0" gate="1" group="1" side="" type="Any" name="VDD_33_4" />
    <comppin designator="H11" sympin="67" pinswap="0" gateswap="0" gate="1" group="1" side="" type="Any" name="VDD_33_5" />
    <attached_symbol gate="1" name="NOIP1SP0480A-STI" />
    <pinmap designator="A1" footprintpin="1" />
    <pinmap designator="A2" footprintpin="2" />
    <pinmap designator="A3" footprintpin="3" />
    <pinmap designator="A4" footprintpin="4" />
    <pinmap designator="A5" footprintpin="5" />
    <pinmap designator="A6" footprintpin="6" />
    <pinmap designator="A7" footprintpin="7" />
    <pinmap designator="A8" footprintpin="8" />
    <pinmap designator="A9" footprintpin="9" />
    <pinmap designator="A10" footprintpin="10" />
    <pinmap designator="A11" footprintpin="11" />
    <pinmap designator="B1" footprintpin="12" />
    <pinmap designator="B2" footprintpin="13" />
    <pinmap designator="B3" footprintpin="14" />
    <pinmap designator="B4" footprintpin="15" />
    <pinmap designator="B5" footprintpin="16" />
    <pinmap designator="B6" footprintpin="17" />
    <pinmap designator="B7" footprintpin="18" />
    <pinmap designator="B8" footprintpin="19" />
    <pinmap designator="B9" footprintpin="20" />
    <pinmap designator="B10" footprintpin="21" />
    <pinmap designator="B11" footprintpin="22" />
    <pinmap designator="C1" footprintpin="23" />
    <pinmap designator="C2" footprintpin="24" />
    <pinmap designator="C3" footprintpin="25" />
    <pinmap designator="C4" footprintpin="26" />
    <pinmap designator="C5" footprintpin="27" />
    <pinmap designator="C6" footprintpin="28" />
    <pinmap designator="C7" footprintpin="29" />
    <pinmap designator="C8" footprintpin="30" />
    <pinmap designator="C9" footprintpin="31" />
    <pinmap designator="C10" footprintpin="32" />
    <pinmap designator="C11" footprintpin="33" />
    <pinmap designator="D1" footprintpin="34" />
    <pinmap designator="D2" footprintpin="35" />
    <pinmap designator="D10" footprintpin="36" />
    <pinmap designator="D11" footprintpin="37" />
    <pinmap designator="E1" footprintpin="38" />
    <pinmap designator="E2" footprintpin="39" />
    <pinmap designator="E10" footprintpin="40" />
    <pinmap designator="E11" footprintpin="41" />
    <pinmap designator="F1" footprintpin="42" />
    <pinmap designator="F2" footprintpin="43" />
    <pinmap designator="F10" footprintpin="44" />
    <pinmap designator="F11" footprintpin="45" />
    <pinmap designator="G1" footprintpin="46" />
    <pinmap designator="G2" footprintpin="47" />
    <pinmap designator="G3" footprintpin="48" />
    <pinmap designator="G4" footprintpin="49" />
    <pinmap designator="G5" footprintpin="50" />
    <pinmap designator="G6" footprintpin="51" />
    <pinmap designator="G7" footprintpin="52" />
    <pinmap designator="G8" footprintpin="53" />
    <pinmap designator="G9" footprintpin="54" />
    <pinmap designator="G10" footprintpin="55" />
    <pinmap designator="G11" footprintpin="56" />
    <pinmap designator="H1" footprintpin="57" />
    <pinmap designator="H2" footprintpin="58" />
    <pinmap designator="H3" footprintpin="59" />
    <pinmap designator="H4" footprintpin="60" />
    <pinmap designator="H5" footprintpin="61" />
    <pinmap designator="H6" footprintpin="62" />
    <pinmap designator="H7" footprintpin="63" />
    <pinmap designator="H8" footprintpin="64" />
    <pinmap designator="H9" footprintpin="65" />
    <pinmap designator="H10" footprintpin="66" />
    <pinmap designator="H11" footprintpin="67" />
    <text name="Datasheet" originx="0" originy="0" style="Default" rotation="0" justify="" flipped="False" hidden="True" data="https://www.onsemi.com/pdf/datasheet/noip1sn0480a-d.pdf" />
    <text name="Description" originx="0" originy="0" style="Default" rotation="0" justify="" flipped="False" hidden="True" data="Image Sensors PYTHON480 1/3.6 BW_ CRA" />
    <text name="Manufacturer_Name" originx="0" originy="0" style="Default" rotation="0" justify="" flipped="False" hidden="True" data="onsemi" />
    <text name="Manufacturer_Part_Number" originx="1850" originy="200" style="Default" rotation="0" justify="left" flipped="False" hidden="False" data="NOIP1SP0480A-STI" />
    <text name="Mouser Part Number" originx="0" originy="0" style="Default" rotation="0" justify="" flipped="False" hidden="True" data="863-NOIP1SP0480A-STI" />
    <text name="Mouser Price/Stock" originx="0" originy="0" style="Default" rotation="0" justify="" flipped="False" hidden="True" data="https://www.mouser.co.uk/ProductDetail/ON-Semiconductor/NOIP1SP0480A-STI?qs=MLItCLRbWsyoZFKf%252BDS9uw%3D%3D" />
    <text name="Arrow Part Number" originx="0" originy="0" style="Default" rotation="0" justify="" flipped="False" hidden="True" data="" />
    <text name="Arrow Price/Stock" originx="0" originy="0" style="Default" rotation="0" justify="" flipped="False" hidden="True" data="" />
  </component>
</quadcept_library>
