<?xml version="1.0" encoding="utf-8"?>
<!--/743594/1173149/2.50/4/4/Integrated Circuit/-->
<quadcept_library>
  <setting unit="mil" />
  <textstyle name="Default" height="47.244094488189" strokewidth="7.8740157480315" charwidth="47.244094488189" />
  <textstyle name="Dimension" height="19.6850393700787" strokewidth="0" charwidth="19.6850393700787" />
  <textstyle name="H127W0635TH00762" height="50" strokewidth="3" charwidth="25" />
  <textstyle name="H15W15TH02" height="59.0551181102362" strokewidth="7.8740157480315" charwidth="59.0551181102362" />
  <padstyle name="r80_35" surface="True" plated="False" isvia="False" nopaste="False" nomask="True" complex="False" holesize="0">
    <padshape layer="TOP" shape="rectangle" width="13.779527559055" height="31.496062992126" />
    <padshape layer="TOP_SOLDER_MASK" shape="rectangle" width="21.653543307086" height="39.370078740157" />
    <padshape layer="TOP_SOLDER_PASTE" shape="rectangle" width="13.779527559055" height="31.496062992126" />
  </padstyle>
  <footprint name="TSOP57438TT1" originx="0" originy="0" pickpointx="0" pickpointy="0">
    <pcbpin number="1" name="1" style="r80_35" originx="-59.055118110235" originy="-69.881889763779" rotation="0" />
    <pcbpin number="2" name="5" style="r80_35" originx="59.055118110235" originy="-69.881889763779" rotation="0" />
    <pcbpin number="3" name="6" style="r80_35" originx="59.055118110235" originy="69.881889763779" rotation="0" />
    <pcbpin number="4" name="8" style="r80_35" originx="-59.055118110235" originy="69.881889763779" rotation="0" />
    <line layer="TOP_ASSEMBLY" originx="-77.75590551181" originy="77.75590551181" endx="77.75590551181" endy="77.75590551181" width="7.8740157480314" />
    <line layer="TOP_ASSEMBLY" originx="77.75590551181" originy="77.75590551181" endx="77.75590551181" endy="-77.75590551181" width="7.8740157480314" />
    <line layer="TOP_ASSEMBLY" originx="77.75590551181" originy="-77.75590551181" endx="-77.75590551181" endy="-77.75590551181" width="7.8740157480314" />
    <line layer="TOP_ASSEMBLY" originx="-77.75590551181" originy="-77.75590551181" endx="-77.75590551181" endy="77.75590551181" width="7.8740157480314" />
    <line layer="TOP_PLACE_BOUND" originx="-125.9842519685" originy="105.31496062992" endx="98.425196850392" endy="105.31496062992" width="3.9370078740157" />
    <line layer="TOP_PLACE_BOUND" originx="98.425196850392" originy="105.31496062992" endx="98.425196850392" endy="-105.31496062992" width="3.9370078740157" />
    <line layer="TOP_PLACE_BOUND" originx="98.425196850392" originy="-105.31496062992" endx="-125.9842519685" endy="-105.31496062992" width="3.9370078740157" />
    <line layer="TOP_PLACE_BOUND" originx="-125.9842519685" originy="-105.31496062992" endx="-125.9842519685" endy="105.31496062992" width="3.9370078740157" />
    <line layer="TOP_SILKSCREEN" originx="-39.370078740157" originy="77.75590551181" endx="39.370078740157" endy="77.75590551181" width="3.9370078740157" />
    <line layer="TOP_SILKSCREEN" originx="-39.370078740157" originy="-77.75590551181" endx="39.370078740157" endy="-77.75590551181" width="3.9370078740157" />
    <line layer="TOP_SILKSCREEN" originx="77.75590551181" originy="39.370078740157" endx="78.740157480314" endy="-39.370078740157" width="3.9370078740157" />
    <line layer="TOP_SILKSCREEN" originx="-77.75590551181" originy="39.370078740157" endx="-77.75590551181" endy="-39.370078740157" width="3.9370078740157" />
    <line layer="TOP_SILKSCREEN" originx="-102.36220472441" originy="-62.992125984251" endx="-102.36220472441" endy="-62.992125984251" width="7.8740157480314" />
    <arc layer="TOP_SILKSCREEN" originx="-102.36220472441" originy="-66.929133858267" startangle="90.0" sweepangle="-180.0" radius="3.9370078740157" width="7.8740157480314" />
    <line layer="TOP_SILKSCREEN" originx="-102.36220472441" originy="-70.866141732283" endx="-102.36220472441" endy="-70.866141732283" width="7.8740157480314" />
    <arc layer="TOP_SILKSCREEN" originx="-102.36220472441" originy="-66.929133858267" startangle="-90.0" sweepangle="-180.0" radius="3.9370078740157" width="7.8740157480314" />
  </footprint>
  <symbol name="TSOP57438TT1" originx="0" originy="0">
    <line originx="200" originy="100" endx="1000" endy="100" width="0" />
    <line originx="1000" originy="-200" endx="1000" endy="100" width="0" />
    <line originx="1000" originy="-200" endx="200" endy="-200" width="0" />
    <line originx="200" originy="100" endx="200" endy="-200" width="0" />
    <sympin number="1" originx="200" originy="-100" rotation="180" length="100" width="7.8740157480315" flipped="False">
      <text name="pinname" originx="230" originy="-100" style="Default" rotation="0" justify="left" flipped="False" hidden="False" data="OUT" />
      <text name="pindes" originx="140" originy="-80" style="Default" rotation="0" justify="lowerright" flipped="False" hidden="False" data="1" />
    </sympin>
    <sympin number="5" originx="1000" originy="-100" rotation="0" length="100" width="7.8740157480315" flipped="False">
      <text name="pinname" originx="970" originy="-100" style="Default" rotation="0" justify="right" flipped="False" hidden="False" data="VS" />
      <text name="pindes" originx="1060" originy="-80" style="Default" rotation="0" justify="lowerleft" flipped="False" hidden="False" data="5" />
    </sympin>
    <sympin number="6" originx="1000" originy="0" rotation="0" length="100" width="7.8740157480315" flipped="False">
      <text name="pinname" originx="970" originy="0" style="Default" rotation="0" justify="right" flipped="False" hidden="False" data="GND_1" />
      <text name="pindes" originx="1060" originy="20" style="Default" rotation="0" justify="lowerleft" flipped="False" hidden="False" data="6" />
    </sympin>
    <sympin number="8" originx="200" originy="0" rotation="180" length="100" width="7.8740157480315" flipped="False">
      <text name="pinname" originx="230" originy="0" style="Default" rotation="0" justify="left" flipped="False" hidden="False" data="GND_2" />
      <text name="pindes" originx="140" originy="20" style="Default" rotation="0" justify="lowerright" flipped="False" hidden="False" data="8" />
    </sympin>
  </symbol>
  <component name="TSOP57438TT1" designatorprefix="IC" height="31.496062992126" footprint="TSOP57438TT1">
    <comppin designator="1" sympin="1" pinswap="0" gateswap="0" gate="1" group="1" side="" type="Any" name="OUT" />
    <comppin designator="5" sympin="5" pinswap="0" gateswap="0" gate="1" group="1" side="" type="Any" name="VS" />
    <comppin designator="6" sympin="6" pinswap="0" gateswap="0" gate="1" group="1" side="" type="Any" name="GND_1" />
    <comppin designator="8" sympin="8" pinswap="0" gateswap="0" gate="1" group="1" side="" type="Any" name="GND_2" />
    <attached_symbol gate="1" name="TSOP57438TT1" />
    <pinmap designator="1" footprintpin="1" />
    <pinmap designator="5" footprintpin="2" />
    <pinmap designator="6" footprintpin="3" />
    <pinmap designator="8" footprintpin="4" />
    <text name="Datasheet" originx="0" originy="0" style="Default" rotation="0" justify="" flipped="False" hidden="True" data="http://www.vishay.com/docs/82434/tsop572.pdf" />
    <text name="Description" originx="0" originy="0" style="Default" rotation="0" justify="" flipped="False" hidden="True" data="VISHAY - TSOP57438TT1 - IR RECEIVER, BELOBOG AGC4, 38KHZ" />
    <text name="Manufacturer_Name" originx="0" originy="0" style="Default" rotation="0" justify="" flipped="False" hidden="True" data="Vishay" />
    <text name="Manufacturer_Part_Number" originx="1050" originy="200" style="Default" rotation="0" justify="left" flipped="False" hidden="False" data="TSOP57438TT1" />
    <text name="Mouser Part Number" originx="0" originy="0" style="Default" rotation="0" justify="" flipped="False" hidden="True" data="78-TSOP57438TT1" />
    <text name="Mouser Price/Stock" originx="0" originy="0" style="Default" rotation="0" justify="" flipped="False" hidden="True" data="https://www.mouser.co.uk/ProductDetail/Vishay-Semiconductors/TSOP57438TT1?qs=irVir877As%252B0kVjtr547ig%3D%3D" />
    <text name="Arrow Part Number" originx="0" originy="0" style="Default" rotation="0" justify="" flipped="False" hidden="True" data="TSOP57438TT1" />
    <text name="Arrow Price/Stock" originx="0" originy="0" style="Default" rotation="0" justify="" flipped="False" hidden="True" data="https://www.arrow.com/en/products/tsop57438tt1/vishay?region=nac" />
  </component>
</quadcept_library>
