<?xml version="1.0" encoding="utf-8"?>
<!--/258041/1173149/2.50/3/4/Transistor BJT NPN/-->
<quadcept_library>
  <setting unit="mil" />
  <textstyle name="Default" height="47.244094488189" strokewidth="7.8740157480315" charwidth="47.244094488189" />
  <textstyle name="Dimension" height="19.6850393700787" strokewidth="0" charwidth="19.6850393700787" />
  <textstyle name="H127W0635TH00762" height="50" strokewidth="3" charwidth="25" />
  <textstyle name="H15W15TH02" height="59.0551181102362" strokewidth="7.8740157480315" charwidth="59.0551181102362" />
  <padstyle name="r40_25" surface="True" plated="False" isvia="False" nopaste="False" nomask="True" complex="False" holesize="0">
    <padshape layer="TOP" shape="rectangle" width="9.8425196850392" height="15.748031496063" />
    <padshape layer="TOP_SOLDER_MASK" shape="rectangle" width="17.716535433071" height="23.622047244094" />
    <padshape layer="TOP_SOLDER_PASTE" shape="rectangle" width="9.8425196850392" height="15.748031496063" />
  </padstyle>
  <padstyle name="r70_40" surface="True" plated="False" isvia="False" nopaste="False" nomask="True" complex="False" holesize="0">
    <padshape layer="TOP" shape="rectangle" width="15.748031496063" height="27.55905511811" />
    <padshape layer="TOP_SOLDER_MASK" shape="rectangle" width="23.622047244094" height="35.433070866141" />
    <padshape layer="TOP_SOLDER_PASTE" shape="rectangle" width="15.748031496063" height="27.55905511811" />
  </padstyle>
  <footprint name="MMBT3904LP7B" originx="0" originy="0" pickpointx="0" pickpointy="0">
    <pcbpin number="1" name="1" style="r40_25" originx="-13.779527559055" originy="8.8582677165353" rotation="90" />
    <pcbpin number="2" name="2" style="r40_25" originx="-13.779527559055" originy="-8.8582677165353" rotation="90" />
    <pcbpin number="3" name="3" style="r70_40" originx="13.779527559055" originy="0" rotation="0" />
    <line layer="TOP_ASSEMBLY" originx="-19.685039370078" originy="11.811023622047" endx="19.685039370078" endy="11.811023622047" width="7.8740157480314" />
    <line layer="TOP_ASSEMBLY" originx="19.685039370078" originy="11.811023622047" endx="19.685039370078" endy="-11.811023622047" width="7.8740157480314" />
    <line layer="TOP_ASSEMBLY" originx="19.685039370078" originy="-11.811023622047" endx="-19.685039370078" endy="-11.811023622047" width="7.8740157480314" />
    <line layer="TOP_ASSEMBLY" originx="-19.685039370078" originy="-11.811023622047" endx="-19.685039370078" endy="11.811023622047" width="7.8740157480314" />
    <line layer="TOP_PLACE_BOUND" originx="-45.275590551181" originy="37.401574803149" endx="45.275590551181" endy="37.401574803149" width="3.9370078740157" />
    <line layer="TOP_PLACE_BOUND" originx="45.275590551181" originy="37.401574803149" endx="45.275590551181" endy="-37.401574803149" width="3.9370078740157" />
    <line layer="TOP_PLACE_BOUND" originx="45.275590551181" originy="-37.401574803149" endx="-45.275590551181" endy="-37.401574803149" width="3.9370078740157" />
    <line layer="TOP_PLACE_BOUND" originx="-45.275590551181" originy="-37.401574803149" endx="-45.275590551181" endy="37.401574803149" width="3.9370078740157" />
    <line layer="TOP_SILKSCREEN" originx="-33.464566929133" originy="9.8425196850392" endx="-33.464566929133" endy="9.8425196850392" width="1.9685039370079" />
    <arc layer="TOP_SILKSCREEN" originx="-34.448818897637" originy="9.8425196850392" startangle=".0" sweepangle="180.0" radius="0.98425196850393" width="1.9685039370079" />
    <line layer="TOP_SILKSCREEN" originx="-35.433070866141" originy="9.8425196850392" endx="-35.433070866141" endy="9.8425196850392" width="1.9685039370079" />
    <arc layer="TOP_SILKSCREEN" originx="-34.448818897637" originy="9.8425196850392" startangle="180.0" sweepangle="180.0" radius="0.98425196850393" width="1.9685039370079" />
  </footprint>
  <symbol name="MMBT3904LP-7B" originx="0" originy="0">
    <line originx="300" originy="100" endx="300" endy="-100" width="0" />
    <line originx="300" originy="50" endx="400" endy="150" width="0" />
    <line originx="300" originy="-50" endx="400" endy="-150" width="0" />
    <line originx="400" originy="-150" endx="400" endy="-200" width="0" />
    <line originx="400" originy="150" endx="400" endy="200" width="0" />
    <line originx="100" originy="0" endx="300" endy="0" width="0" />
    <arc originx="350" originy="0" startangle="180" sweepangle="180" radius="158.114" width="0" />
    <arc originx="350" originy="0" startangle="180" sweepangle="-180" radius="158.114" width="0" />
    <sympin number="1" originx="100" originy="0" rotation="180" length="100" width="7.8740157480315" flipped="False">
      <text name="pinname" originx="0" originy="-20" style="Default" rotation="0" justify="upperleft" flipped="False" hidden="True" data="B" />
      <text name="pindes" originx="0" originy="20" style="Default" rotation="0" justify="lowerleft" flipped="False" hidden="False" data="1" />
    </sympin>
    <sympin number="2" originx="400" originy="-200" rotation="270" length="100" width="7.8740157480315" flipped="False">
      <text name="pinname" originx="420" originy="-300" style="Default" rotation="90" justify="lowerleft" flipped="False" hidden="True" data="E" />
      <text name="pindes" originx="380" originy="-300" style="Default" rotation="90" justify="lowerright" flipped="False" hidden="False" data="2" />
    </sympin>
    <sympin number="3" originx="400" originy="200" rotation="90" length="100" width="7.8740157480315" flipped="False">
      <text name="pinname" originx="420" originy="300" style="Default" rotation="90" justify="upperleft" flipped="False" hidden="True" data="C" />
      <text name="pindes" originx="380" originy="300" style="Default" rotation="90" justify="upperright" flipped="False" hidden="False" data="3" />
    </sympin>
    <polygon type="polygon">
      <point x="330" y="-100" />
      <point x="350" y="-80" />
      <point x="370" y="-120" />
    </polygon>
  </symbol>
  <component name="MMBT3904LP-7B" designatorprefix="Q" height="20.866141732283" footprint="MMBT3904LP7B">
    <comppin designator="1" sympin="1" pinswap="0" gateswap="0" gate="1" group="1" side="" type="Any" name="B" />
    <comppin designator="2" sympin="2" pinswap="0" gateswap="0" gate="1" group="1" side="" type="Any" name="E" />
    <comppin designator="3" sympin="3" pinswap="0" gateswap="0" gate="1" group="1" side="" type="Any" name="C" />
    <attached_symbol gate="1" name="MMBT3904LP-7B" />
    <pinmap designator="1" footprintpin="1" />
    <pinmap designator="2" footprintpin="2" />
    <pinmap designator="3" footprintpin="3" />
    <text name="Datasheet" originx="0" originy="0" style="Default" rotation="0" justify="" flipped="False" hidden="True" data="https://www.diodes.com/assets/Datasheets/ds31835.pdf" />
    <text name="Description" originx="0" originy="0" style="Default" rotation="0" justify="" flipped="False" hidden="True" data="Bipolar Transistors - BJT General Purpose Tran X1-DFN1006-3,10K 40V NPN SMALL SIGNAL TRANSISTOR IN X1-DFN1006-3" />
    <text name="Manufacturer_Name" originx="0" originy="0" style="Default" rotation="0" justify="" flipped="False" hidden="True" data="Diodes Inc." />
    <text name="Manufacturer_Part_Number" originx="550" originy="-50" style="Default" rotation="0" justify="left" flipped="False" hidden="False" data="MMBT3904LP-7B" />
    <text name="Mouser Part Number" originx="0" originy="0" style="Default" rotation="0" justify="" flipped="False" hidden="True" data="621-MMBT3904LP-7B" />
    <text name="Mouser Price/Stock" originx="0" originy="0" style="Default" rotation="0" justify="" flipped="False" hidden="True" data="https://www.mouser.co.uk/ProductDetail/Diodes-Incorporated/MMBT3904LP-7B?qs=T%2FOtf55vL7cbkUjr%2FmBpPQ%3D%3D" />
    <text name="Arrow Part Number" originx="0" originy="0" style="Default" rotation="0" justify="" flipped="False" hidden="True" data="MMBT3904LP-7B" />
    <text name="Arrow Price/Stock" originx="0" originy="0" style="Default" rotation="0" justify="" flipped="False" hidden="True" data="https://www.arrow.com/en/products/mmbt3904lp-7b/diodes-incorporated?region=nac" />
  </component>
</quadcept_library>
